{"cameraMode":{"drawMode":0,"name":"Shaded","section":"Shading Mode"},"sceneLighting":true,"audioPlay":false,"sceneViewState":{"showFog":true,"showMaterialUpdate":false,"showSkybox":true,"showFlares":true,"showImageEffects":true,"showParticleSystems":true},"in2DMode":false,"pivot":{"x":0.8751847743988037,"y":-3.355875015258789,"z":8.149055480957032},"rotation":{"x":-0.13811393082141877,"y":-0.027330923825502397,"z":0.0038249220233410599,"w":-0.9900514483451843},"size":10.429173469543457,"orthographic":false}