{"cameraMode":{"drawMode":0,"name":"Shaded","section":"Shading Mode"},"sceneLighting":true,"audioPlay":false,"sceneViewState":{"showFog":true,"showMaterialUpdate":false,"showSkybox":true,"showFlares":true,"showImageEffects":true,"showParticleSystems":true},"in2DMode":false,"pivot":{"x":-4.337718963623047,"y":-17.716115951538087,"z":-3.5540504455566408},"rotation":{"x":-0.20759150385856629,"y":-0.0020506992004811765,"z":0.00045553265954367816,"w":-0.9782356023788452},"size":25.746522903442384,"orthographic":false}