{"cameraMode":{"drawMode":0,"name":"Shaded","section":"Shading Mode"},"sceneLighting":true,"audioPlay":false,"sceneViewState":{"showFog":true,"showMaterialUpdate":false,"showSkybox":true,"showFlares":true,"showImageEffects":true,"showParticleSystems":true},"in2DMode":false,"pivot":{"x":5.960464477539063e-8,"y":2.479999542236328,"z":-1.1920928955078126e-7},"rotation":{"x":0.3110610842704773,"y":-0.33744269609451296,"z":0.11922833323478699,"w":0.8804672360420227},"size":15.30208683013916,"orthographic":false}