{"cameraMode":{"drawMode":0,"name":"Shaded","section":"Shading Mode"},"sceneLighting":true,"audioPlay":false,"sceneViewState":{"showFog":true,"showMaterialUpdate":false,"showSkybox":true,"showFlares":true,"showImageEffects":true,"showParticleSystems":true},"in2DMode":false,"pivot":{"x":-5.153310775756836,"y":-10.800865173339844,"z":-1.7076950073242188},"rotation":{"x":-0.17972424626350404,"y":-0.23788660764694215,"z":0.04484542831778526,"w":-0.9534844160079956},"size":32.40849304199219,"orthographic":false}